Date,Open,High,Low,Close,Volume
12/30/2016,42120,42330,41700,41830,610000
12/29/2016,43000,43220,42540,42660,448400
12/28/2016,43940,43970,43270,43270,339900
12/27/2016,43140,43700,43140,43620,400100
12/26/2016,43310,43660,43090,43340,358200
12/22/2016,43660,43840,43190,43480,381600
12/21/2016,43900,44370,43610,44000,658900
12/20/2016,42910,43630,42860,43620,499400
12/19/2016,42790,43150,42740,43130,358700
12/16/2016,43350,43550,42810,43130,542000
12/15/2016,43440,43880,42550,43000,627400
12/14/2016,43300,43440,42590,43090,548800
12/13/2016,43130,43300,42630,43210,434500
12/12/2016,43950,44000,42880,43130,775300
12/9/2016,41700,42970,41150,42590,1975600
12/8/2016,41480,41560,40830,41100,639900
12/7/2016,40500,41150,40420,40870,536800
12/6/2016,40350,40500,39860,40150,618100
12/5/2016,40060,40350,39690,39760,620500
12/2/2016,40300,40660,39960,40660,573000
12/1/2016,40500,41190,40320,40460,850700
11/30/2016,40300,40340,39570,39570,692200
11/29/2016,40420,40580,40100,40200,894400
11/28/2016,41260,41440,40830,41260,384800
11/25/2016,41820,42020,41220,41370,665500
11/24/2016,41300,41760,41170,41730,692900
11/22/2016,39880,40360,39660,40360,500200
11/21/2016,40210,40270,39510,39970,609600
11/18/2016,39980,40620,39900,40190,886500
11/17/2016,39200,39710,39050,39280,573700
11/16/2016,39130,39750,39110,39400,764300
11/15/2016,38600,38980,38470,38570,555600
11/14/2016,37730,38690,37680,38580,784100
11/11/2016,37590,37940,37190,37600,1329900
11/10/2016,36480,37110,36000,36890,1309900
11/9/2016,36920,37220,33520,33680,1570400
11/8/2016,36870,37050,36410,36550,417500
11/7/2016,36020,36710,36000,36640,648000
11/4/2016,35460,35930,35360,35510,499100
11/2/2016,35450,35940,35420,35540,396700
11/1/2016,35440,36050,35310,35890,366200
10/31/2016,35690,36030,35450,35460,344400
10/28/2016,36020,36450,35980,35980,454200
10/27/2016,36250,36370,35600,35770,426500
10/26/2016,36840,36850,36380,36450,353400
10/25/2016,36500,36940,36450,36850,400800
10/24/2016,36650,36660,36000,36300,365000
10/21/2016,36350,36850,36180,36300,579900
10/20/2016,34910,36330,34910,36330,751800
10/19/2016,34900,35050,34600,35020,356500
10/18/2016,34490,34900,34210,34900,477400
10/17/2016,34710,35030,34180,34210,657500
10/14/2016,33200,35090,33200,34800,1671000
10/13/2016,34000,34290,33010,33150,556000
10/12/2016,33550,34030,33380,33790,464500
10/11/2016,33580,34040,33560,33920,529400
10/7/2016,33600,33900,33400,33500,407300
10/6/2016,34200,34460,34030,34040,454400
10/5/2016,34150,34200,33600,33940,534400
10/4/2016,33300,33950,33150,33490,688900
10/3/2016,32800,32990,32580,32980,421000
9/30/2016,32030,32490,31970,32290,650400
9/29/2016,32620,32650,32140,32480,453600
9/28/2016,32400,32440,31800,32040,558400
9/27/2016,32530,32650,31860,32400,626100
9/26/2016,32780,33350,32640,32710,656700
9/23/2016,32950,33760,32810,33230,692500
9/21/2016,32370,33190,31010,33000,1536200
9/20/2016,33480,33530,32480,32510,1042300
9/16/2016,33990,34400,33600,34360,606600
9/15/2016,34740,34820,33930,34110,663400
9/14/2016,35400,35540,34950,35080,466300
9/13/2016,35880,36140,35560,35750,384100
9/12/2016,35930,36180,35340,35470,482400
9/9/2016,36410,36590,35970,36330,1014200
9/8/2016,36700,36750,36020,36410,475000
9/7/2016,36600,36900,36220,36390,593600
9/6/2016,36990,37310,36820,36860,540100
9/5/2016,36500,37520,36480,37120,780400
9/2/2016,35750,35900,35340,35700,772200
9/1/2016,36400,36490,35680,35940,694200
8/31/2016,36500,36750,36310,36340,443200
8/30/2016,36220,36500,36210,36440,499700
8/29/2016,35910,36480,35670,36450,723500
8/26/2016,35400,35790,34780,35370,1117000
8/25/2016,35400,35890,34660,35460,1371300
8/24/2016,36160,36850,35470,35600,897700
8/23/2016,36680,37050,36480,36580,546500
8/22/2016,37270,37360,36910,36980,354100
8/19/2016,36950,37590,36840,37150,587300
8/18/2016,36880,37620,36450,36560,855000
8/17/2016,36740,37170,36700,36970,524600
8/16/2016,37590,37680,36500,36500,961900
8/15/2016,38140,38230,37580,37630,384700
8/12/2016,37530,38250,37120,38080,899600
8/10/2016,37600,37860,36930,37000,825600
8/9/2016,37700,38250,37180,37500,837900
8/8/2016,37800,37950,37150,37880,952000
8/5/2016,35950,36880,35670,36640,1295200
8/4/2016,35200,35530,34210,35500,1224800
8/3/2016,34340,35080,33900,34540,1288600
8/2/2016,34330,34580,33610,33640,640000
8/1/2016,33300,34900,33110,34670,947300
7/29/2016,32230,34150,32210,33430,827000
7/28/2016,33300,33370,32850,32910,385700
7/27/2016,32880,34240,32830,33630,734500
7/26/2016,33040,33300,32360,32530,574100
7/25/2016,32630,33350,32560,33170,473700
7/22/2016,33160,33240,32530,32640,492500
7/21/2016,33420,34450,33420,33720,737000
7/20/2016,33160,33280,32750,32920,662300
7/19/2016,34500,35000,33120,33700,1391900
7/15/2016,31000,32660,31000,32660,1675600
7/14/2016,27750,28010,27390,27660,570100
7/13/2016,28500,28500,27675,28145,765800
7/12/2016,27750,27995,27510,27800,909100
7/11/2016,26200,26995,26105,26845,757700
7/8/2016,26020,26145,25355,25445,993300
7/7/2016,26185,26665,25910,26030,603200
7/6/2016,26000,26070,25305,25900,995800
7/5/2016,27205,27225,26460,26540,928100
7/4/2016,26800,27920,26760,27705,555400
7/1/2016,27710,27845,27155,27360,485300
6/30/2016,27905,27980,27245,27300,721600
6/29/2016,27955,27980,27480,27595,790700
6/28/2016,27000,27730,26705,27455,693000
6/27/2016,26795,27470,26325,27385,823500
6/24/2016,29525,29925,26120,26295,1569600
6/23/2016,28500,29425,28375,29340,684400
6/22/2016,28465,28550,27765,28230,571500
6/21/2016,28230,28645,27800,28595,471200
6/20/2016,27940,28695,27940,28395,736600
6/17/2016,27535,27900,27435,27550,789100
6/16/2016,28390,28865,27210,27260,895500
6/15/2016,28010,28390,27750,28255,733600
6/14/2016,29060,29190,28055,28330,800300
6/13/2016,29380,29605,29050,29055,737300
6/10/2016,29950,30270,29630,29815,1320400
6/9/2016,30260,30500,29855,29940,505800
6/8/2016,30030,30450,29810,30450,548200
6/7/2016,30050,30190,29710,29995,662200
6/6/2016,29420,30200,29335,30090,704700
6/3/2016,29205,30450,29100,30120,1410200
6/2/2016,28800,28800,28100,28180,726800
6/1/2016,29510,29845,28880,28965,583400
5/31/2016,29195,29995,29155,29885,532200
5/30/2016,29195,29485,28905,29385,476000
5/27/2016,29700,29725,28970,29000,461300
5/26/2016,29240,29745,29135,29400,685900
5/25/2016,28165,28830,28090,28740,762100
5/24/2016,27995,28035,27515,27665,605500
5/23/2016,28520,28610,27615,27965,593200
5/20/2016,28375,28870,27930,28775,487300
5/19/2016,28800,29065,28255,28475,466800
5/18/2016,28510,28860,28135,28585,799200
5/17/2016,28750,28945,28235,28660,650500
5/16/2016,28655,28950,28050,28150,594700
5/13/2016,29380,29380,28490,28500,874500
5/12/2016,28610,29115,28205,29020,452600
5/11/2016,29395,29520,28650,28750,531800
5/10/2016,29065,29095,28160,28895,755400
5/9/2016,28195,28670,28050,28610,535900
5/6/2016,28140,28330,27355,28020,923300
5/2/2016,27685,28260,27560,27945,1017200
4/28/2016,31490,32040,29160,29185,1499200
4/27/2016,30550,31290,30530,30980,1306500
4/26/2016,30880,31250,30150,30540,887400
4/25/2016,32110,32490,31050,31140,936700
4/22/2016,30610,32220,30610,31950,1255200
4/21/2016,30500,31280,30310,30890,1271300
4/20/2016,30310,30420,29180,29425,1070000
4/19/2016,28985,30020,28950,29870,1059500
4/18/2016,28640,28825,28030,28075,964900
4/15/2016,29000,30250,28850,29615,1047300
4/14/2016,29275,29935,29140,29800,1174300
4/13/2016,27500,28825,27140,28695,1606000
4/12/2016,26590,27025,26320,26915,833600
4/11/2016,26620,27090,26375,26815,1159400
4/8/2016,27500,27785,26395,26610,2352200
4/7/2016,31880,31880,30370,30490,777300
4/6/2016,31860,32250,31550,31640,631900
4/5/2016,32970,32990,31890,32020,850800
4/4/2016,33770,34080,33300,33410,654300
4/1/2016,35800,35940,33860,34070,803200
3/31/2016,36850,36950,36020,36020,648000
3/30/2016,37040,37050,36470,36500,417200
3/29/2016,35940,36780,35390,36780,635000
3/28/2016,36690,36760,36070,36150,391200
3/25/2016,36480,36720,36270,36410,405700
3/24/2016,36690,36900,36210,36240,620800
3/23/2016,36000,36860,35900,36760,765600
3/22/2016,35760,35900,35100,35660,455200
3/18/2016,35810,35960,34840,35120,639500
3/17/2016,36280,36810,35630,35850,572700
3/16/2016,36000,36260,35660,35910,437900
3/15/2016,36680,36950,36180,36270,747000
3/14/2016,35400,36390,35400,36390,824300
3/11/2016,33400,34850,33350,34590,1626200
3/10/2016,34200,34230,33840,34030,444900
3/9/2016,33900,34150,33610,33690,652900
3/8/2016,34690,34710,33940,34420,809900
3/7/2016,34810,34810,34400,34490,645500
3/4/2016,34630,34700,34210,34410,537400
3/3/2016,33330,34660,33080,34530,1056000
3/2/2016,32000,33530,31970,33330,1110600
3/1/2016,31390,31620,30910,31310,757700
2/29/2016,31520,31990,31280,31340,658800
2/26/2016,31770,32420,31540,31540,702100
2/25/2016,31190,31420,30760,31230,619000
2/24/2016,31700,31800,31170,31320,580000
2/23/2016,32000,32560,31630,31960,577700
2/22/2016,31130,32240,31130,31760,693500
2/19/2016,31610,31780,31040,31500,751100
2/18/2016,32500,32520,31340,31960,1016000
2/17/2016,32690,32820,30720,31240,1105600
2/16/2016,32710,33530,32210,32810,980300
2/15/2016,33130,33490,32520,33220,1016700
2/12/2016,31870,32770,31060,32390,2255200
2/10/2016,33100,33300,31820,32520,1002100
2/9/2016,33590,34050,32710,32870,1000500
2/8/2016,34030,35330,33710,35070,835400
2/5/2016,34750,35070,34080,34590,957900
2/4/2016,36500,36660,35270,35400,1106300
2/3/2016,37470,37880,36250,36620,1060500
2/2/2016,37370,37570,37030,37240,600100
2/1/2016,38610,38710,37320,37670,884000
1/29/2016,37320,39890,36660,38430,1626100
1/28/2016,37090,37730,36930,37120,767900
1/27/2016,37290,38270,37170,37610,771700
1/26/2016,37000,37120,36750,36990,814700
1/25/2016,37650,38190,36790,37870,974800
1/22/2016,35700,37710,35620,37420,1418900
1/21/2016,35810,36060,34540,34610,1321500
1/20/2016,37470,37480,35380,35650,1254300
1/19/2016,36610,37320,36410,37220,739800
1/18/2016,36370,36980,35730,36730,795800
1/15/2016,38120,38490,36810,37000,786100
1/14/2016,37290,37800,36850,37640,863300
1/13/2016,37840,38720,37740,38690,805500
1/12/2016,37210,38050,37130,37630,1074300
1/8/2016,36700,38580,36180,38140,2502700
1/7/2016,40000,40500,39010,39050,795900
1/6/2016,40320,41070,39850,40170,808800
1/5/2016,40360,41230,40110,40430,817500
1/4/2016,42000,42200,40450,40650,857100
12/30/2015,42300,42700,41950,42640,388000
12/29/2015,42240,42780,41860,42160,500600
12/28/2015,43240,43350,42300,42590,331200
12/25/2015,43000,43540,42850,43140,348500
12/24/2015,43920,43920,43030,43050,459000
12/22/2015,43940,44000,43120,43230,396800
12/21/2015,43650,44240,42860,43750,683300
12/18/2015,45300,47120,44030,44070,1312600
12/17/2015,45490,45790,44890,45180,929900
12/16/2015,44660,44960,44010,44520,651600
12/15/2015,44800,45050,43880,43980,499900
12/14/2015,44540,44790,44310,44520,624100
12/11/2015,45190,46270,45190,45940,1498900
12/10/2015,45650,45850,45300,45440,562700
12/9/2015,47110,47300,46290,46610,447700
12/8/2015,47240,47960,47030,47160,386200
12/7/2015,47470,47860,47340,47520,394400
12/4/2015,47110,47660,46560,46720,700800
12/3/2015,48110,48310,47170,48210,916600
12/2/2015,49600,49640,48910,48980,514800
12/1/2015,49880,50080,49400,49890,616300
11/30/2015,49610,49980,49430,49780,487300
11/27/2015,49390,49840,49250,49640,489800
11/26/2015,48720,49480,48710,49330,498000
11/25/2015,48240,48500,47810,48480,404900
11/24/2015,48150,48320,47980,48230,317200
11/20/2015,48400,48500,47890,48210,420200
11/19/2015,48210,48870,47730,48350,713500
11/18/2015,48000,48400,47450,47480,585200
11/17/2015,47330,47650,46950,47400,645100
11/16/2015,46460,46770,46300,46440,474700
11/13/2015,47700,47820,46900,47490,726600
11/12/2015,47350,47890,47290,47880,376100
11/11/2015,47560,48200,47300,47420,542700
11/10/2015,46550,47650,46420,47600,574400
11/9/2015,46390,46880,46250,46720,737700
11/6/2015,44920,45430,44720,45400,499900
11/5/2015,44600,44920,44160,44770,482000
11/4/2015,43920,44870,43690,44350,688800
11/2/2015,43760,44470,43150,43220,442500
10/30/2015,43400,44560,42930,44380,734900
10/29/2015,44470,44480,42960,43420,524600
10/28/2015,44060,44190,43800,44130,357800
10/27/2015,44150,44280,43650,43780,524300
10/26/2015,44480,44500,43910,44000,451100
10/23/2015,43920,44290,43730,43870,880200
10/22/2015,43200,43700,43010,43220,468300
10/21/2015,43050,44080,42990,43810,615500
10/20/2015,43310,43520,42980,43200,312800
10/19/2015,43060,43580,42940,43130,585400
10/16/2015,43330,43680,43080,43400,570300
10/15/2015,42300,43290,41830,42870,748300
10/14/2015,42000,43530,41650,42730,1391000
10/13/2015,43600,43600,41970,42260,1425600
10/9/2015,44440,44910,43710,43900,2522700
10/8/2015,49380,49480,48350,48640,552800
10/7/2015,49750,50190,48910,49800,667900
10/6/2015,50390,50700,49580,50590,606400
10/5/2015,49260,49940,49110,49730,515100
10/2/2015,49120,49830,48600,48730,425900
10/1/2015,48370,49940,48030,49300,808500
9/30/2015,47700,48660,47280,48490,814000
9/29/2015,47140,47370,46690,47150,960200
9/28/2015,46850,47560,46400,47490,644100
9/25/2015,45410,46800,45410,46800,769700
9/24/2015,45000,46260,44660,45300,536700
9/18/2015,46710,47245,46160,46160,570000
9/17/2015,47075,47460,46665,47405,493800
9/16/2015,47550,47885,45895,46375,660100
9/15/2015,46700,47900,46655,47150,707200
9/14/2015,48060,48250,46020,46365,672500
9/11/2015,46160,47860,46060,47620,2153600
9/10/2015,47625,47995,45960,46925,1201700
9/9/2015,46950,49725,46260,49725,1322600
9/8/2015,47155,47270,45125,45170,608900
9/7/2015,46110,47595,45270,46665,696300
9/4/2015,48150,48345,46120,46465,667100
9/3/2015,49515,49550,47510,47795,699500
9/2/2015,46845,49595,46680,48400,946400
9/1/2015,48990,49145,47480,47480,725400
8/31/2015,50430,50640,48890,49265,700000
8/28/2015,50880,51090,50070,50830,645900
8/27/2015,51000,51380,49620,50290,749100
8/26/2015,47275,50710,46210,50620,1478500
8/25/2015,49900,51450,47660,47975,1550200
8/24/2015,51440,52890,50120,50900,1074700
8/21/2015,53130,53680,52140,52170,675800
8/20/2015,53920,54650,53250,54040,465800
8/19/2015,54130,54740,53740,53860,485500
8/18/2015,55500,55940,54400,54510,420900
8/17/2015,55390,55620,55110,55500,254500
8/14/2015,55090,55450,54470,54990,612900
8/13/2015,54880,55720,54320,55510,738900
8/12/2015,55000,55670,54000,54000,853500
8/11/2015,56540,56760,55020,55550,712200
8/10/2015,56050,57320,55910,56540,563000
8/7/2015,56430,57080,56200,56700,643700
8/6/2015,58880,58900,56920,57220,854100
8/5/2015,59580,59960,58440,58480,910800
8/4/2015,60450,61830,60360,61380,502800
8/3/2015,60820,61280,60440,60740,363300
7/31/2015,61550,61650,60670,61370,498200
7/30/2015,60800,61970,60740,61930,737700
7/29/2015,59880,60460,59480,60230,559600
7/28/2015,58050,59460,57820,59370,565800
7/27/2015,57840,58610,57520,58270,376900
7/24/2015,58900,59080,58210,58250,394400
7/23/2015,58800,60000,58700,59280,486000
7/22/2015,58510,59180,58500,58790,440000
7/21/2015,57800,59280,57580,59270,524100
7/17/2015,56840,57440,56760,57220,429000
7/16/2015,56100,56850,55900,56600,613000
7/15/2015,55840,56070,55240,55670,445300
7/14/2015,55010,55950,54780,55530,655900
7/13/2015,54000,54690,53650,54530,671300
7/10/2015,56000,56020,53740,54010,1901200
7/9/2015,55200,57460,54760,57460,1136200
7/8/2015,56250,56540,54810,55180,906400
7/7/2015,55920,56250,55640,56250,505900
7/6/2015,54570,55640,54320,54810,876900
7/3/2015,56130,56280,54880,55740,989600
7/2/2015,57780,58400,57200,57870,657100
7/1/2015,55850,56660,55700,56610,439300
6/30/2015,54900,55560,54530,55560,489700
6/29/2015,55500,56180,54550,54560,765900
6/26/2015,56490,56870,56130,56240,413600
6/25/2015,55390,57000,55360,55970,556400
6/24/2015,55300,55900,54900,55590,552500
6/23/2015,53960,55080,53780,55080,675700
6/22/2015,52380,53960,52350,53910,598500
6/19/2015,52340,52570,52140,52170,459700
6/18/2015,52590,52590,52080,52200,398500
6/17/2015,52550,52720,52050,52560,374400
6/16/2015,52660,53100,52340,52550,359800
6/15/2015,52320,52770,52290,52740,361900
6/12/2015,53400,53400,52440,52770,1304500
6/11/2015,51390,52980,51370,52980,726900
6/10/2015,50970,51440,50580,51000,493800
6/9/2015,51390,51580,50660,50660,517400
6/8/2015,51330,51750,51250,51720,453900
6/5/2015,50690,51060,50520,50960,356400
6/4/2015,51270,51430,50640,50740,432400
6/3/2015,51250,51270,50830,51030,476000
6/2/2015,51440,51500,51030,51320,356000
6/1/2015,51120,51440,50970,51250,351700
5/29/2015,50700,51640,50550,51300,588000
5/28/2015,51270,51490,50630,50970,524300
5/27/2015,50510,50980,50460,50930,424300
5/26/2015,50750,50950,50520,50880,474200
5/25/2015,50150,50810,50150,50670,359400
5/22/2015,50010,50400,49635,50300,395300
5/21/2015,50110,50460,49995,50100,317500
5/20/2015,50280,50630,50050,50200,509100
5/19/2015,49490,50230,49250,50010,728500
5/18/2015,48505,49130,48280,49035,297700
5/15/2015,48680,48940,48410,48565,429300
5/14/2015,49055,49150,48220,48275,666700
5/13/2015,48545,49545,48130,49515,638200
5/12/2015,48250,48620,47930,48335,556400
5/11/2015,47820,48450,47660,48450,498500
5/8/2015,47100,47790,47030,47120,822600
5/7/2015,47295,47500,47015,47105,608200
5/1/2015,47205,47830,47075,47590,554700
4/30/2015,48480,48480,47295,47295,832300
4/28/2015,48600,49145,48410,48930,567700
4/27/2015,48700,48710,48050,48050,481100
4/24/2015,49225,49435,48675,48705,422900
4/23/2015,49450,49600,48965,49395,545500
4/22/2015,48830,49340,48635,49245,549500
4/21/2015,48270,48500,47730,48385,481500
4/20/2015,47600,48310,47400,48075,504800
4/17/2015,48500,48595,47750,47760,534500
4/16/2015,49220,49270,48520,48600,466000
4/15/2015,49735,49860,49030,49185,460700
4/14/2015,49835,50080,49705,49805,377400
4/13/2015,50200,50350,49750,50150,468900
4/10/2015,49500,50650,49410,49700,1730300
4/9/2015,47715,48560,47685,48500,630800
4/8/2015,47380,47580,47095,47580,483600
4/7/2015,47410,47540,47020,47540,537700
4/6/2015,47395,47620,47235,47300,465200
4/3/2015,47280,47765,47200,47610,511000
4/2/2015,46865,47280,46505,47115,666400
4/1/2015,47180,47200,46410,46770,883600
3/31/2015,47500,47585,46495,46495,860000
3/30/2015,46455,47880,46430,47455,730600
3/27/2015,46610,47280,45720,46225,653300
3/26/2015,46800,47055,46210,46330,508200
3/25/2015,47125,47255,46525,46925,432400
3/24/2015,47145,47480,46865,46950,457000
3/23/2015,46900,47275,46620,47145,477000
3/20/2015,45670,46815,45670,46815,616800
3/19/2015,45585,45930,45410,45475,601700
3/18/2015,46295,46325,45760,46140,468200
3/17/2015,46810,46845,46175,46200,423600
3/16/2015,46190,46760,46160,46265,498500
3/13/2015,46165,46520,45910,46275,1911400
3/12/2015,45125,45680,44840,45515,582600
3/11/2015,44190,45395,44105,44920,603900
3/10/2015,45640,45720,44255,44420,685800
3/9/2015,45680,45885,45325,45340,511600
3/6/2015,46180,46720,46015,46115,525300
3/5/2015,46010,46285,45690,45690,345900
3/4/2015,45910,46415,45770,46165,363900
3/3/2015,47000,47035,46000,46040,477800
3/2/2015,46525,47065,46300,46850,495900
2/27/2015,46150,46665,46000,46330,558800
2/26/2015,45030,46050,44940,45990,582500
2/25/2015,45000,45195,44725,44905,504200
2/24/2015,44500,45300,44440,45300,728600
2/23/2015,43545,44455,43270,44355,800900
2/20/2015,43220,43345,42810,42910,444700
2/19/2015,43780,43970,43035,43065,563200
2/18/2015,43505,43740,43325,43705,520800
2/17/2015,43850,44040,43400,43505,333700
2/16/2015,44115,44295,44000,44065,296700
2/13/2015,43940,44250,43850,44005,682000
2/12/2015,44250,44340,43870,44305,505100
2/10/2015,43615,43690,43235,43435,456700
2/9/2015,44435,44445,43900,43935,362200
2/6/2015,44175,44270,43815,44005,354300
2/5/2015,43560,43920,43425,43475,477400
2/4/2015,43100,43890,42930,43850,636800
2/3/2015,43245,43350,42055,42185,517600
2/2/2015,43400,43740,43005,43055,430700
1/30/2015,44300,44400,43720,44020,577500
1/29/2015,43165,44220,43100,43675,648300
1/28/2015,42845,43865,42720,43600,582300
1/27/2015,42870,43380,42670,43160,471200
1/26/2015,41945,42580,41900,42340,384200
1/23/2015,42970,43095,42485,42645,356600
1/22/2015,42500,42530,41800,42270,529300
1/21/2015,42800,43090,42260,42385,566300
1/20/2015,41550,42700,41455,42700,509400
1/19/2015,41850,41900,41210,41530,577600
1/16/2015,41700,41995,40610,41370,1251300
1/15/2015,42270,42945,41970,42945,757100
1/14/2015,43080,43310,41860,41940,998300
1/13/2015,44060,44295,43250,43575,938300
1/9/2015,45800,46325,44350,44760,1602100
1/8/2015,43650,44550,43400,44405,611300
1/7/2015,43005,43510,43005,43425,727000
1/6/2015,43365,43745,43110,43255,844600
1/5/2015,43580,44420,43295,44065,545000
12/30/2014,44800,44975,44040,44040,584000
12/29/2014,45730,45865,44205,44885,621900
12/26/2014,45650,45700,45270,45330,348000
12/25/2014,45535,45700,45425,45615,375700
12/24/2014,45155,45880,44840,45830,737100
12/22/2014,44830,44900,44440,44525,418400
12/19/2014,44330,44730,44050,44730,937500
12/18/2014,42640,43715,42525,43715,945700
12/17/2014,41700,42080,41525,42070,898300
12/16/2014,41450,41990,41335,41830,975700
12/15/2014,41525,42765,41525,42295,750900
12/12/2014,42015,42965,42015,42800,1924700
12/11/2014,41705,41995,41010,41910,562600
12/10/2014,42905,43200,42150,42405,604200
12/9/2014,42825,43620,42805,43415,499700
12/8/2014,43245,43535,42930,43150,464800
12/5/2014,43250,43520,43120,43240,520200
12/4/2014,44165,44185,43500,43925,418800
12/3/2014,43300,44385,43300,43795,747800
12/2/2014,43000,43410,42950,43255,416300
12/1/2014,42715,43540,42715,43425,352600
11/28/2014,42850,43330,42730,43205,423200
11/27/2014,42260,42850,42260,42625,438700
11/26/2014,42240,42700,41940,42540,593500
11/25/2014,43175,43370,42480,42570,392300
11/21/2014,42480,43170,42110,43100,661900
11/20/2014,43470,43495,42690,42845,472700
11/19/2014,43500,43895,43000,43030,686000
11/18/2014,43025,43590,42855,43535,612500
11/17/2014,43800,43910,42215,42615,1059700
11/14/2014,44665,44730,43760,44205,1788500
11/13/2014,43605,44370,43110,44285,761400
11/12/2014,43670,44350,43330,43480,1297700
11/11/2014,41615,43355,41580,43115,963600
11/10/2014,41800,41900,41240,41430,530600
11/7/2014,42935,42935,42100,42325,721700
11/6/2014,42750,43335,41800,42235,1031000
11/5/2014,41190,42920,41100,42450,1159300
11/4/2014,42465,42485,41500,41500,1647900
10/31/2014,38055,40900,38015,40365,1881900
10/30/2014,37145,37715,37040,37680,603000
10/29/2014,36465,37080,36280,36940,663400
10/28/2014,36700,36875,36120,36135,517600
10/27/2014,37085,37195,36810,36905,412400
10/24/2014,37000,37050,36585,36745,602400
10/23/2014,36500,37085,36460,36590,495600
10/22/2014,37085,37160,36285,36840,890300
10/21/2014,37520,37790,36625,36790,867000
10/20/2014,37445,37940,37205,37905,877200
10/17/2014,37635,37635,36570,36745,731000
10/16/2014,36575,37145,36555,37020,990300
10/15/2014,37600,37680,36960,37640,841300
10/14/2014,37500,37740,36920,36930,1214800
10/10/2014,38000,38455,37000,37890,1687300
10/9/2014,36875,37845,36860,37255,966300
10/8/2014,36385,36950,36365,36705,532600
10/7/2014,37355,37490,36855,36965,590500
10/6/2014,37520,37990,37260,37840,670400
10/3/2014,37810,37880,36635,37370,1013900
10/2/2014,36500,36975,36260,36370,766600
10/1/2014,36615,37210,36525,36780,423800
9/30/2014,36575,36940,36520,36705,417500
9/29/2014,36795,37050,36705,36810,368900
9/26/2014,36165,36910,36160,36655,603600
9/25/2014,37000,37170,36760,36865,521000
9/24/2014,35800,36510,35755,36405,507900
9/22/2014,35880,36270,35870,35970,447600
9/19/2014,35705,36395,35655,36250,1133500
9/18/2014,34640,35065,34450,35005,734900
9/17/2014,34150,34385,34075,34365,531700
9/16/2014,33505,33950,33505,33795,464900
9/12/2014,34065,34345,33900,34125,1866600
9/11/2014,33695,34185,33640,34135,485600
9/10/2014,33665,33725,33415,33675,359700
9/9/2014,33960,34070,33735,33900,354600
9/8/2014,34345,34360,33845,33960,339400
9/5/2014,34375,34400,34025,34035,381500
9/4/2014,33635,34000,33550,33970,387600
9/3/2014,33910,34250,33730,33735,734700
9/2/2014,32690,33360,32615,33165,482400
9/1/2014,32685,32700,32460,32540,139100
8/29/2014,32470,32550,32220,32550,412000
8/28/2014,32905,32935,32495,32665,357000
8/27/2014,33250,33250,32970,33065,263200
8/26/2014,33310,33355,32940,33000,279200
8/25/2014,33065,33410,33055,33355,363000
8/22/2014,32885,33150,32880,32900,236300
8/21/2014,32995,33070,32900,32985,281400
8/20/2014,32825,32935,32715,32800,218400
8/19/2014,33010,33055,32845,32850,345700
8/18/2014,32900,32985,32675,32695,312400
8/15/2014,33095,33100,32885,33030,170400
8/14/2014,33000,33160,32945,33005,212600
8/13/2014,32695,32970,32655,32885,293800
8/12/2014,33000,33220,32740,32885,319200
8/11/2014,33015,33190,32685,33100,545700
8/8/2014,32800,32990,32030,32105,1075000
8/7/2014,33045,33590,32970,33350,478800
8/6/2014,33480,33810,33205,33320,507200
8/5/2014,33950,34025,33520,33565,493400
8/4/2014,34010,34285,33950,34075,368900
8/1/2014,34290,34550,34105,34150,482100
7/31/2014,34395,34740,34285,34405,746500
7/30/2014,33930,34400,33920,33975,492600
7/29/2014,33610,34055,33545,33970,654700
7/28/2014,32900,33365,32835,33300,494000
7/25/2014,32360,32785,32340,32750,330600
7/24/2014,32370,32600,32180,32295,482200
7/23/2014,32350,32465,32210,32280,294000
7/22/2014,32360,32470,32225,32350,453600
7/18/2014,32375,32580,32185,32355,530600
7/17/2014,32980,33175,32860,32875,281000
7/16/2014,32960,33020,32615,32890,374600
7/15/2014,32710,33130,32710,33050,436100
7/14/2014,32875,32945,32380,32760,576600
7/11/2014,32990,33400,32555,32855,1070100
7/10/2014,33235,33685,33200,33505,565200
7/9/2014,33000,33255,32800,33240,471500
7/8/2014,33380,33535,33150,33220,447000
7/7/2014,33445,33750,33310,33580,394300
7/4/2014,33740,33750,33360,33420,336500
7/3/2014,33800,33865,33330,33375,566500
7/2/2014,33520,33775,33235,33335,460200
7/1/2014,33150,33790,33030,33455,623000
6/30/2014,33635,33790,33150,33330,510300
6/27/2014,34345,34565,33400,33635,653400
6/26/2014,34550,34645,34320,34590,308700
6/25/2014,34300,34615,34215,34350,318500
6/24/2014,34280,34895,34220,34700,359900
6/23/2014,34855,34975,34635,34765,503400
6/20/2014,34325,34770,34270,34415,611600
6/19/2014,33695,34495,33530,34480,707800
6/18/2014,33330,33785,33320,33605,494500
6/17/2014,33165,33490,33140,33250,354300
6/16/2014,33610,33835,32920,33150,645700
6/13/2014,32900,34030,32900,33975,1489100
6/12/2014,33925,33940,33255,33510,693200
6/11/2014,34300,34610,34110,34215,348900
6/10/2014,34780,35170,34215,34335,622300
6/9/2014,35075,35170,34870,34880,411100
6/6/2014,34995,35045,34525,34820,562900
6/5/2014,34440,34895,34400,34820,603400
6/4/2014,34840,35010,34110,34320,697200
6/3/2014,34990,35055,34700,34990,549700
6/2/2014,33960,34675,33850,34480,608500
5/30/2014,34215,34410,33420,33590,666000
5/29/2014,33600,34095,33600,34015,379400
5/28/2014,33825,34170,33530,34040,531700
5/27/2014,33420,34030,33400,33825,562500
5/26/2014,33305,33580,33265,33555,428500
5/23/2014,32600,33150,32560,32990,522400
5/22/2014,31940,32550,31805,32550,660100
5/21/2014,31365,31620,31225,31450,452800
5/20/2014,31570,31980,31535,31790,294900
5/19/2014,31930,32050,31365,31395,419000
5/16/2014,31210,31745,31120,31710,476800
5/15/2014,32050,32240,31790,31855,418100
5/14/2014,32635,33055,32445,32445,475400
5/13/2014,32120,32790,32015,32680,655600
5/12/2014,31315,31715,31275,31580,351800
5/9/2014,31360,31630,31265,31470,619500
5/8/2014,31320,31900,31320,31565,609200
5/7/2014,31600,31670,30950,30950,1033500
5/2/2014,31755,32220,31750,32040,502100
5/1/2014,31800,32220,31700,32100,499600
4/30/2014,32140,32230,31685,31770,668800
4/28/2014,32390,32595,32010,32140,935000
4/25/2014,32575,33220,32440,32770,608000
4/24/2014,33295,33465,32830,32875,475900
4/23/2014,33120,33430,32815,33275,480500
4/22/2014,33805,34095,32840,32860,557100
4/21/2014,33825,34260,33665,33700,401400
4/18/2014,33730,34155,33560,33710,462100
4/17/2014,33605,33745,33120,33430,665600
4/16/2014,32920,33950,32800,33950,883200
4/15/2014,33205,33250,32505,32660,743700
4/14/2014,33120,33140,32225,32795,1087900
4/11/2014,34610,34875,33030,33820,2688800
4/10/2014,37700,37795,36385,36710,635300
4/9/2014,37950,38195,37250,37250,664200
4/8/2014,38070,38770,37920,38220,663600
4/7/2014,37965,38400,37905,37975,426000
4/4/2014,37960,38685,37950,38665,398200
4/3/2014,37815,38760,37700,38400,643300
4/2/2014,37400,37935,36900,37730,556600
4/1/2014,37255,37555,36960,36990,458900
3/31/2014,38005,38165,37420,37435,464600
3/28/2014,37000,38040,36975,37885,552200
3/27/2014,35715,37265,35680,37170,847100
3/26/2014,36315,36415,35850,35980,663600
3/25/2014,35985,36305,35760,35925,393000
3/24/2014,35780,36420,35320,36340,723700
3/20/2014,36605,36650,35150,35405,536800
3/19/2014,35510,36850,35235,36190,610400
3/18/2014,36110,36250,35590,35590,393900
3/17/2014,35625,35970,35425,35680,532900
3/14/2014,35740,36075,35580,35850,2126600
3/13/2014,37060,37245,36565,36690,491400
3/12/2014,37160,37250,36730,36760,592800
3/11/2014,37925,38060,37600,37870,474800
3/10/2014,38170,38645,37665,37690,541100
3/7/2014,38350,38580,37955,38400,713900
3/6/2014,37070,38125,36665,37650,761000
3/5/2014,36700,37145,36600,36975,861000
3/4/2014,35780,36070,35400,35890,620000
3/3/2014,34550,35675,34550,35480,792200
2/28/2014,35605,35700,34820,35050,588100
2/27/2014,35965,35970,35360,35550,457000
2/26/2014,35785,36670,35710,36180,436100
2/25/2014,36650,36845,36305,36530,569000
2/24/2014,35300,36080,35240,35995,610100
2/21/2014,34930,35940,34900,35755,763800
2/20/2014,35230,35375,34505,34525,730500
2/19/2014,35590,36125,35490,35720,471100
2/18/2014,35290,36685,34605,36265,1022900
2/17/2014,34520,35085,34425,34750,493600
2/14/2014,35625,36030,34500,34600,1375500
2/13/2014,36235,36380,35600,35715,731500
2/12/2014,37600,37795,36455,36630,737000
2/10/2014,36840,37360,36620,37335,554900
2/7/2014,36480,36520,36100,36260,519500
2/6/2014,35865,36730,35805,35830,674600
2/5/2014,36705,36895,35520,35960,1014400
2/4/2014,36400,36665,36000,36035,998200
2/3/2014,37410,37580,37015,37185,714600
1/31/2014,39205,39340,37500,38110,842000
1/30/2014,38670,38815,37980,38765,939400
1/29/2014,38830,39375,38700,39360,904700
1/28/2014,37895,38130,37525,38130,691900
1/27/2014,37150,37790,37120,37600,1047200
1/24/2014,38135,38475,37680,38215,1293600
1/23/2014,39025,39680,38740,38825,954600
1/22/2014,38500,39070,38120,38840,952300
1/21/2014,38100,39295,38100,39120,927200
1/20/2014,38300,38400,37850,38005,634600
1/17/2014,38245,39040,38200,38630,998100
1/16/2014,39210,39500,38600,38820,917700
1/15/2014,39900,39945,39215,39755,938700
1/14/2014,39050,39800,38900,39015,1504400
1/10/2014,40250,41600,40200,41100,2206300
1/9/2014,40450,40550,39700,39800,943200
1/8/2014,40850,41550,40750,41350,722800
1/7/2014,40200,41250,40200,40500,1093600
1/6/2014,42500,42600,40900,40900,1562000
12/30/2013,43400,43800,42600,43400,841000
12/27/2013,43950,44150,42650,43300,941900
12/26/2013,44800,45350,43300,44050,1219600
12/25/2013,42550,44450,42350,44350,1209900
12/24/2013,42800,43300,42150,42350,1319800
12/20/2013,40500,41900,40500,41850,988100
12/19/2013,40150,41050,39850,40750,1714000
12/18/2013,37950,39050,37900,39000,1005900
12/17/2013,37850,38300,37750,37950,633700
12/16/2013,38250,38300,37350,37400,623600
12/13/2013,37000,38400,37000,38100,2793800
12/12/2013,37250,37400,36700,37200,834800
12/11/2013,37600,37900,37150,37700,860600
12/10/2013,38450,38500,38000,38150,661900
12/9/2013,38300,38750,38000,38700,791700
12/6/2013,36500,37550,36500,37450,834700
12/5/2013,38050,38350,36750,37000,1092400
12/4/2013,38300,38800,37800,38200,1072000
12/3/2013,39350,39450,38700,38950,1009900
12/2/2013,38600,39050,38400,38950,592800
11/29/2013,38650,39600,38350,38800,1152600
11/28/2013,38000,39000,37950,38950,1176500
11/27/2013,37250,37700,36850,37650,668100
11/26/2013,37200,37800,37150,37700,591200
11/25/2013,37400,37950,37100,37700,879500
11/22/2013,37800,38000,36750,36800,1197400
11/21/2013,36400,37350,36100,37100,1143900
11/20/2013,36150,36400,35800,35800,643600
11/19/2013,35550,36000,35250,35950,667000
11/18/2013,36050,36300,35300,35700,896500
11/15/2013,35050,35750,34600,35600,1321200
11/14/2013,33050,34650,32950,34250,1565600
11/13/2013,31800,32650,31800,32550,543300
11/12/2013,30950,32250,30850,32200,823500
11/11/2013,30900,31000,30650,30800,589700
11/8/2013,30900,31050,30350,30600,1058200
11/7/2013,32400,32550,31700,31750,456700
11/6/2013,31500,32350,31400,32250,617700
11/5/2013,32800,32850,32200,32500,436600
11/1/2013,33050,33350,32400,32650,563900
10/31/2013,33700,33800,32850,32850,546200
10/30/2013,33550,34000,33400,33900,657900
10/29/2013,32700,33100,32600,33000,467800
10/28/2013,32850,33250,32600,33200,458000
10/25/2013,33050,33350,32150,32150,816500
10/24/2013,33300,33650,32600,33300,715600
10/23/2013,34650,34700,33350,33500,689000
10/22/2013,34000,34650,34000,34450,327200
10/21/2013,34050,34300,33950,34200,431100
10/18/2013,33950,34250,33700,33850,508300
10/17/2013,34450,34600,33850,34150,645600
10/16/2013,34000,34200,33650,33850,583900
10/15/2013,33650,34350,33650,34200,623100
10/11/2013,33150,33500,32700,33450,2100600
10/10/2013,35300,35350,34250,34550,463200
10/9/2013,34150,34850,33850,34750,512600
10/8/2013,33950,34600,33700,34550,520300
10/7/2013,35000,35050,34000,34050,658800
10/4/2013,34750,35200,34300,34600,738600
10/3/2013,34850,35450,34550,35250,1047800
10/2/2013,37150,37250,35450,35550,1194000
10/1/2013,37200,37650,36950,37100,574500
9/30/2013,36800,37350,36650,36850,626000
9/27/2013,37700,38100,37400,37750,727400
9/26/2013,36750,37800,36400,37600,777400
9/25/2013,36900,37200,36350,36350,613500
9/24/2013,36550,37300,36350,37200,465100
9/20/2013,36950,37100,36600,36750,570600
9/19/2013,37000,37200,36500,36900,832800
9/18/2013,35500,36500,35450,36350,766900
9/17/2013,35650,35750,35150,35200,365700
9/13/2013,35150,35600,35000,35500,2078900
9/12/2013,34900,35650,34900,35300,617400
9/11/2013,34950,35900,34750,34750,747500
9/10/2013,34400,34800,34150,34750,607300
9/9/2013,34350,34350,33800,34050,619100
9/6/2013,34500,34500,32950,32950,697000
9/5/2013,34500,34800,33900,34200,677500
9/4/2013,34050,34100,33100,34050,851700
9/3/2013,33000,34100,33000,34050,874800
9/2/2013,32050,32900,31850,32750,503100
8/30/2013,32100,32350,31700,31900,662300
8/29/2013,31300,31800,31150,31800,601000
8/28/2013,30150,31100,30050,30900,636500
8/27/2013,31300,31800,31150,31300,310900
8/26/2013,32150,32200,31600,31750,350100
8/23/2013,32050,32450,31600,31850,773200
8/22/2013,31000,31500,30600,31100,484200
8/21/2013,31350,31550,30400,31300,724300
8/20/2013,31600,32000,30950,31150,658300
8/19/2013,32350,32450,31800,32200,352800
8/16/2013,31500,32400,31200,32000,484200
8/15/2013,32500,33050,31900,32100,690100
8/14/2013,32800,33250,31950,33200,727100
8/13/2013,32000,32650,31750,32650,548700
8/12/2013,31200,31900,30750,31300,520000
8/9/2013,31950,32450,31300,31650,1176800
8/8/2013,32950,34000,31900,32100,885900
8/7/2013,33650,34150,32900,32900,900100
8/6/2013,34550,35150,33600,35050,632000
8/5/2013,35300,35600,34600,34700,500200
8/2/2013,34900,35750,34800,35600,694400
8/1/2013,33050,34200,33000,34200,575700
7/31/2013,33700,33700,33000,33550,767800
7/30/2013,33800,34550,33600,34400,804600
7/29/2013,34750,35200,34100,34100,716200
7/26/2013,36150,36600,35450,35450,772300
7/25/2013,36350,36950,36200,36650,501500
7/24/2013,36450,36600,36100,36300,554700
7/23/2013,36000,37150,35950,36650,635900
7/22/2013,36800,36900,35750,36450,724900
7/19/2013,37300,37700,35500,36150,1503000
7/18/2013,35950,36900,35500,36750,827000
7/17/2013,35050,35900,34950,35850,641800
7/16/2013,35750,36450,34900,35300,1185400
7/12/2013,36700,37150,36000,36450,2045100
7/11/2013,37400,38750,37350,38700,607900
7/10/2013,37950,38750,37250,38000,741300
7/9/2013,37150,38500,36700,38450,775300
7/8/2013,37900,38250,36750,36800,769100
7/5/2013,35900,37000,35750,37000,729900
7/4/2013,34550,35350,34400,35250,399100
7/3/2013,36000,36250,34450,34800,919900
7/2/2013,33900,35350,33800,35300,794700
7/1/2013,33500,34000,32700,33900,587800
6/28/2013,31850,33500,31300,33450,929200
6/27/2013,31000,31650,30600,31500,630900
6/26/2013,31300,31850,30450,30600,832900
6/25/2013,30500,31100,29670,30500,855800
6/24/2013,32150,32150,30100,30300,643500
6/21/2013,29210,31950,29010,31050,1457500
6/20/2013,29670,30450,29220,29620,1124100
6/19/2013,30350,30700,29630,30300,797200
6/18/2013,29310,30200,29120,29820,706000
6/17/2013,28500,29800,27900,29740,1089400
6/14/2013,28650,29650,28540,28940,2795100
6/13/2013,30350,30550,28550,28550,1669200
6/12/2013,30600,31400,30100,31250,644000
6/11/2013,31900,32500,31050,31250,798500
6/10/2013,32500,32550,30600,32050,959100
6/7/2013,28990,31350,28580,31100,1776000
6/6/2013,30350,30450,29210,29460,1642600
6/5/2013,33950,34100,29580,29920,1979000
6/4/2013,32950,33900,32000,33050,1121600
6/3/2013,34600,34600,32700,32700,1052000
5/31/2013,34600,35200,33650,34900,1148600
5/30/2013,35750,36100,33200,33200,1562000
5/29/2013,38450,38550,36800,37350,932000
5/28/2013,37100,38950,36900,38100,875600
5/27/2013,36200,37600,35600,37250,1049300
5/24/2013,39550,40200,35200,38300,2233800
5/23/2013,42000,44400,38100,38100,2721100
5/22/2013,38600,41500,38550,41400,1105000
5/21/2013,38700,38950,38250,38550,416000
5/20/2013,38750,39200,38600,39200,537100
5/17/2013,38250,38900,37700,38900,644600
5/16/2013,38750,38850,37550,38250,740400
5/15/2013,39000,39250,38250,38800,530200
5/14/2013,38300,38400,37900,38000,347400
5/13/2013,37850,38450,37550,38000,451900
5/10/2013,37400,37600,36850,37300,1043500
5/9/2013,36450,36900,36250,36250,365500
5/8/2013,36400,36900,36100,36250,690800
5/7/2013,36600,37050,36000,36950,688400
5/2/2013,35950,36100,35300,35350,595800
5/1/2013,35750,36450,35500,36000,428600
4/30/2013,35600,35850,34900,35700,706600
4/26/2013,34600,35750,34350,35700,1486000
4/25/2013,34050,34450,33650,34100,628800
4/24/2013,33750,34100,33650,34050,434400
4/23/2013,33950,34150,33450,33500,412900
4/22/2013,33900,34350,33550,34300,523000
4/19/2013,33950,33950,33350,33500,378300
4/18/2013,33500,34150,33300,33500,631500
4/17/2013,34050,34400,33700,33950,498400
4/16/2013,32650,34300,32550,33800,929200
4/15/2013,33550,34200,33350,33350,661400
4/12/2013,33850,34800,32650,34250,2437900
4/11/2013,34200,34550,33300,34550,1049100
4/10/2013,33500,34150,33300,33500,1013400
4/9/2013,34900,35200,33700,33750,940900
4/8/2013,35600,36300,34900,35050,868800
4/5/2013,38000,38350,34900,34900,1376100
4/4/2013,34800,35850,33600,35650,1395300
4/3/2013,33500,35800,33350,35650,1713000
4/2/2013,30850,31350,30300,31300,1230700
4/1/2013,30850,31350,30500,30650,1731200
3/29/2013,30200,30800,30000,30650,518000
3/28/2013,29970,30250,29810,29930,1018700
3/27/2013,30400,30450,29700,30150,484400
3/26/2013,30150,30600,30050,30150,521300
3/25/2013,30100,30900,29940,30700,857600
3/22/2013,30200,30400,29300,29330,919700
3/21/2013,30550,30800,30200,30700,423800
3/19/2013,30050,30250,29840,30100,597600
3/18/2013,29620,29820,29290,29290,682700
3/15/2013,30300,30650,30100,30400,490600
3/14/2013,29860,30350,29850,30300,778000
3/13/2013,30100,30350,29390,29550,1083500
3/12/2013,30900,31300,29990,30200,1014500
3/11/2013,31450,31500,30700,30900,1092800
3/8/2013,29000,31600,28950,31500,4937300
3/7/2013,29440,29650,28610,28690,1306700
3/6/2013,27570,29070,27530,28940,1698900
3/5/2013,26370,27100,26210,26770,1100000
3/4/2013,25800,25800,25130,25370,542400
3/1/2013,25170,25630,25080,25380,505500
2/28/2013,25150,25480,25050,25430,849500
2/27/2013,25100,25240,24570,24580,588700
2/26/2013,25000,25300,24920,24960,1063600
2/25/2013,25660,26000,25590,26000,817100
2/22/2013,24830,25190,24510,25170,664100
2/21/2013,25360,25470,24870,24910,659000
2/20/2013,25520,25550,25320,25450,506600
2/19/2013,25200,25590,25150,25320,386300
2/18/2013,25210,25540,25050,25390,736600
2/15/2013,24780,25290,24730,24860,785200
2/14/2013,24690,25050,24570,24910,618800
2/13/2013,24900,24970,24650,24680,408100
2/12/2013,24760,24980,24500,24860,644000
2/8/2013,24210,24750,24010,24070,1488000
2/7/2013,24950,25040,24600,24710,666400
2/6/2013,24790,25310,24730,25200,922900
2/5/2013,24310,24470,24110,24230,698500
2/4/2013,25170,25260,24910,25020,559200
2/1/2013,24360,24940,24230,24850,700300
1/31/2013,23570,24080,23490,24080,580300
1/30/2013,23050,23840,22950,23840,735100
1/29/2013,22690,23130,22650,22850,480700
1/28/2013,23380,23450,22900,22940,380700
1/25/2013,23050,23210,22740,23210,472800
1/24/2013,22470,22670,22270,22550,477300
1/23/2013,22650,23070,22330,22330,894000
1/22/2013,22780,23300,22730,22900,1021700
1/21/2013,23490,23500,22590,22590,686200
1/18/2013,23240,23480,22910,23430,892000
1/17/2013,22700,23190,22170,22740,1001000
1/16/2013,23410,23420,22710,22720,1010500
1/15/2013,23860,24090,23770,23820,771200
1/11/2013,22790,23650,22790,23640,1857900
1/10/2013,22800,22940,22510,22560,588100
1/9/2013,22610,22910,22600,22820,633900
1/8/2013,22690,22950,22580,22910,616800
1/7/2013,22350,22890,22150,22810,980700
1/4/2013,22500,22530,22030,22200,587300
12/28/2012,21480,21970,21450,21840,854200
12/27/2012,21300,21560,21220,21270,749600
12/26/2012,20890,21170,20640,21170,644000
12/25/2012,20350,20770,20290,20770,657300
12/21/2012,20590,20710,20050,20090,958000
12/20/2012,20800,20880,20310,20370,1030200
12/19/2012,21040,21330,20820,21230,834000
12/18/2012,20610,20840,20540,20830,562500
12/17/2012,20320,20910,20220,20500,1043300
12/14/2012,20060,20120,19820,19920,2743500
12/13/2012,19980,20260,19890,20200,866600
12/12/2012,19800,19860,19610,19790,520800
12/11/2012,19360,19700,19340,19640,584700
12/10/2012,19290,19460,19140,19420,460600
12/7/2012,19240,19360,19120,19130,393700
12/6/2012,19200,19420,19050,19250,726600
12/5/2012,18690,19280,18690,19250,955500
12/4/2012,18950,18990,18680,18690,513700
12/3/2012,18800,19090,18730,19010,574900
11/30/2012,18600,18800,18500,18720,671900
11/29/2012,18490,18520,18250,18490,637900
11/28/2012,18460,18640,18400,18430,605600
11/27/2012,18030,18500,18030,18380,573500
11/26/2012,18000,18220,17930,18030,580900
11/22/2012,17790,17860,17640,17860,397800
11/21/2012,17600,17670,17470,17620,419000
11/20/2012,17400,17560,17220,17480,337900
11/19/2012,17400,17490,17200,17420,383900
11/16/2012,17100,17310,16990,17170,582200
11/15/2012,16800,16920,16620,16910,485800
11/14/2012,16850,16930,16680,16690,246600
11/13/2012,16980,17170,16720,16760,441700
11/12/2012,16800,16950,16700,16830,298200
11/9/2012,17050,17170,16870,16870,595300
11/8/2012,17220,17340,17040,17140,316400
11/7/2012,17480,17530,17180,17380,367600
11/6/2012,17420,17430,17220,17340,315700
11/5/2012,17350,17410,17230,17310,434600
11/2/2012,17650,17650,17420,17420,379500
11/1/2012,17700,17710,17350,17440,580300
10/31/2012,17920,18030,17780,17780,472800
10/30/2012,17890,18080,17650,17690,526900
10/29/2012,17950,18000,17760,17830,336000
10/26/2012,17940,18020,17730,17770,541000
10/25/2012,17420,17870,17410,17850,578200
10/24/2012,17030,17590,16970,17400,599300
10/23/2012,17150,17340,17150,17300,538900
10/22/2012,16880,17120,16650,17080,421700
10/19/2012,17010,17010,16830,16910,452600
10/18/2012,16650,17070,16510,17010,721100
10/17/2012,16300,16620,16140,16540,784000
10/16/2012,16100,16250,16100,16190,623200
10/15/2012,16100,16320,15810,16000,902300
10/12/2012,16700,16700,15920,16040,2993400
10/11/2012,17790,17900,17580,17810,634500
10/10/2012,18300,18400,18000,18040,481400
10/9/2012,18470,18640,18280,18480,411000
10/5/2012,18300,18500,18270,18470,459100
10/4/2012,18230,18320,18060,18150,390000
10/3/2012,17760,18300,17730,18180,828400
10/2/2012,17710,17850,17500,17530,582000
10/1/2012,18120,18260,17710,17790,384000
9/28/2012,18300,18400,18150,18150,528500
9/27/2012,18100,18150,17830,18120,358400
9/26/2012,18120,18160,18010,18020,364500
9/25/2012,18110,18430,18100,18190,556200
9/24/2012,17990,18350,17830,18110,833100
9/21/2012,18210,18220,17990,18060,381500
9/20/2012,18060,18250,18000,18060,1063500
9/19/2012,17580,18250,17560,18050,1166700
9/18/2012,18490,18490,17470,17480,1517700
9/14/2012,18580,18840,18580,18790,1906800
9/13/2012,18300,18450,18220,18400,259100
9/12/2012,18180,18340,18010,18310,327900
9/11/2012,17970,18190,17930,18080,322200
9/10/2012,18050,18160,17850,18030,423400
9/7/2012,18220,18300,18110,18110,431500
9/6/2012,17900,18080,17750,18010,376300
9/5/2012,17920,18120,17780,17900,727000
9/4/2012,18200,18260,17990,18080,439300
9/3/2012,18270,18400,18140,18140,372600
8/31/2012,18070,18370,18050,18270,387700
8/30/2012,18500,18500,18200,18270,352300
8/29/2012,18500,18540,18380,18520,467600
8/28/2012,18450,18580,18340,18540,733900
8/27/2012,18250,18340,18190,18300,341700
8/24/2012,18150,18190,18060,18090,409600
8/23/2012,18110,18400,18020,18350,585900
8/22/2012,17920,18200,17910,18190,413900
8/21/2012,17920,18080,17850,17920,349900
8/20/2012,17990,18040,17890,17940,485800
8/17/2012,17980,18050,17870,17920,534400
8/16/2012,17520,17950,17410,17920,650200
8/15/2012,17400,17450,17210,17400,279500
8/14/2012,17270,17400,17260,17360,328400
8/13/2012,17200,17370,17190,17250,229500
8/10/2012,17460,17590,17210,17220,856100
8/9/2012,17220,17680,17210,17610,727300
8/8/2012,16950,17340,16950,17220,771000
8/7/2012,16630,16900,16600,16840,466100
8/6/2012,16460,16700,16420,16650,509100
8/3/2012,15850,16490,15850,16300,853200
8/2/2012,16230,16230,15720,15840,768100
8/1/2012,16050,16310,16020,16270,463000
7/31/2012,15960,16230,15950,16150,510700
7/30/2012,16070,16100,15900,15980,370500
7/27/2012,16060,16150,15920,15950,372100
7/26/2012,15890,15930,15760,15910,500500
7/25/2012,15740,15850,15620,15770,497400
7/24/2012,15800,15940,15660,15840,470300
7/23/2012,16090,16120,15660,15730,518000
7/20/2012,15980,16340,15930,16090,693900
7/19/2012,15980,16150,15850,15900,493900
7/18/2012,16170,16170,15940,16000,576900
7/17/2012,15410,16100,15400,16060,908600
7/13/2012,15210,15520,15210,15330,920400
7/12/2012,15480,15630,15250,15290,721400
7/11/2012,15320,15460,15300,15430,455300
7/10/2012,15410,15490,15280,15380,616600
7/9/2012,15280,15630,15270,15400,825800
7/6/2012,15730,15900,15670,15790,466900
7/5/2012,15810,15880,15710,15780,299400
7/4/2012,15850,15960,15770,15850,420500
7/3/2012,15560,15750,15400,15720,875800
7/2/2012,16000,16140,15920,15960,474400
6/29/2012,15560,16000,15520,15880,667700
6/28/2012,15950,15950,15620,15720,577500
6/27/2012,15550,15790,15450,15790,551100
6/26/2012,15190,15610,15170,15510,561300
6/25/2012,15200,15390,15200,15310,408800
6/22/2012,15260,15430,15210,15350,587100
6/21/2012,15360,15540,15230,15460,685500
6/20/2012,15490,15540,15180,15350,689500
6/19/2012,15600,15610,15300,15390,492200
6/18/2012,15800,15830,15550,15600,524200
6/15/2012,15410,15560,15350,15490,669100
6/14/2012,15300,15570,15270,15290,903200
6/13/2012,15270,15560,15270,15500,637400
6/12/2012,15210,15600,15140,15220,814600
6/11/2012,15580,15620,15420,15500,688100
6/8/2012,15760,15990,15210,15250,3979800
6/7/2012,16450,16530,16010,16030,964400
6/6/2012,16200,16470,15830,16360,1367600
6/5/2012,17000,17010,16050,16060,1815700
6/4/2012,17370,17650,17300,17610,696000
6/1/2012,17490,17830,17480,17770,623400
5/31/2012,17570,17710,17240,17490,879200
5/30/2012,17670,17990,17620,17890,657500
5/29/2012,17580,17780,17440,17660,733700
5/28/2012,17400,17740,17360,17590,588600
5/25/2012,16870,17250,16760,17220,610900
5/24/2012,16760,17000,16750,16820,695900
5/23/2012,17080,17090,16580,16710,754900
5/22/2012,17180,17270,16920,17200,595300
5/21/2012,16940,17170,16810,17100,618700
5/18/2012,16480,16880,16470,16670,870800
5/17/2012,16830,16970,16610,16700,830500
5/16/2012,16840,16980,16710,16820,845100
5/15/2012,16760,17100,16670,16980,652300
5/14/2012,16540,16970,16510,16820,506900
5/11/2012,16630,16690,16410,16450,701200
5/10/2012,16880,16880,16630,16640,545600
5/9/2012,17090,17090,16850,16890,548500
5/8/2012,16890,17230,16890,17150,549100
5/7/2012,16730,17160,16670,16890,788700
5/2/2012,17650,17670,17270,17500,551300
5/1/2012,17680,17810,17510,17600,501400
4/27/2012,17830,18070,17680,17930,1007000
4/26/2012,17880,17940,17580,17860,1248100
4/25/2012,17950,18160,17910,18060,774700
4/24/2012,17880,18030,17630,17850,671600
4/23/2012,18460,18480,17930,18060,784300
4/20/2012,18540,18670,18500,18590,485100
4/19/2012,18620,18750,18540,18690,568800
4/18/2012,18930,18950,18570,18860,541800
4/17/2012,18520,18760,18310,18600,626000
4/16/2012,18900,18900,18540,18690,768500
4/13/2012,18270,19020,18240,18970,3616500
4/12/2012,17320,17530,17230,17470,532700
4/11/2012,17340,17420,17170,17210,662500
4/10/2012,17440,17690,17350,17490,543300
4/9/2012,17420,17630,17170,17350,657500
4/6/2012,17550,17690,17390,17570,761000
4/5/2012,17680,17980,17380,17440,1587000
4/4/2012,18600,18630,17800,17800,1914900
4/3/2012,19020,19080,18880,18880,486100
4/2/2012,18890,19150,18870,19030,902800
3/30/2012,18550,18860,18410,18860,768900
3/29/2012,18300,18640,18220,18630,640000
3/28/2012,18350,18430,18260,18350,440600
3/27/2012,18250,18460,18160,18460,666200
3/26/2012,18120,18180,17990,18050,358200
3/23/2012,18000,18140,17940,18030,572000
3/22/2012,17950,18180,17910,18180,683000
3/21/2012,17610,18020,17610,18000,681700
3/19/2012,17720,17790,17530,17700,479500
3/16/2012,17930,17990,17640,17710,700700
3/15/2012,17950,18040,17860,17910,667100
3/14/2012,18120,18140,17860,17860,747400
3/13/2012,17700,17980,17690,17780,957400
3/12/2012,17870,17950,17580,17580,737700
3/9/2012,17780,17800,17470,17660,3354800
3/8/2012,17000,17400,16920,17400,921100
3/7/2012,16780,16950,16760,16790,745300
3/6/2012,17120,17350,17000,17020,736100
3/5/2012,16940,17210,16850,17080,698500
3/2/2012,16970,17000,16810,16850,625300
3/1/2012,16770,17070,16750,16960,653900
2/29/2012,16750,17030,16710,16830,756300
2/28/2012,16390,16720,16250,16720,562800
2/27/2012,16670,16670,16300,16380,535800
2/24/2012,16700,16730,16590,16680,600800
2/23/2012,16570,16820,16540,16690,779500
2/22/2012,16450,16670,16410,16610,648600
2/21/2012,16360,16480,16230,16450,575800
2/20/2012,16840,16840,16430,16450,552200
2/17/2012,16230,16520,16150,16440,1022600
2/16/2012,16120,16180,15910,15970,542300
2/15/2012,15780,16200,15740,16120,953500
2/14/2012,15500,15770,15470,15710,528900
2/13/2012,15500,15650,15320,15630,453200
2/10/2012,15680,15680,15460,15470,1007500
2/9/2012,15900,15910,15630,15710,700900
2/8/2012,15790,16030,15740,16000,773900
2/7/2012,15740,15780,15560,15620,470800
2/6/2012,15600,15830,15540,15810,527600
2/3/2012,15450,15520,15290,15440,604200
2/2/2012,15440,15480,15310,15470,531700
2/1/2012,15080,15250,14930,15220,491700
1/31/2012,15020,15200,15010,15150,639900
1/30/2012,15070,15200,14910,15000,472200
1/27/2012,14760,15030,14750,15030,814400
1/26/2012,14900,15020,14860,14970,379900
1/25/2012,15100,15100,14920,14920,500400
1/24/2012,14770,15110,14740,15100,714700
1/23/2012,14630,14790,14590,14720,541800
1/20/2012,14990,14990,14680,14680,778200
1/19/2012,14980,15060,14930,14950,507200
1/18/2012,14780,15000,14740,14980,650300
1/17/2012,14640,14820,14630,14750,442100
1/16/2012,14610,14670,14530,14610,360100
1/13/2012,14740,14780,14450,14770,1543700
1/12/2012,14520,14600,14330,14520,540500
1/11/2012,14360,14750,14280,14590,1043400
1/10/2012,13890,14390,13860,14390,952300
1/6/2012,13990,14030,13790,13850,765500
1/5/2012,13720,13840,13600,13800,511500
1/4/2012,14050,14050,13700,13720,559100
